t,y
0,0
0.00500250125062531,0.221006267754045
0.0100050025012506,0.44783176373101
0.0150075037518759,0.685853803568475
0.0200100050025012,0.939589341253136
0.0250125062531266,1.21232228330416
0.0300150075037519,1.50579659497189
0.0350175087543772,1.81999195958324
0.0400200100050025,2.15299464689433
0.0450225112556278,2.50097150328785
0.0500250125062531,2.85824982693706
0.0550275137568784,3.21750058571347
0.0600300150075038,3.57001723355164
0.0650325162581291,3.90607753643647
0.0700350175087544,4.21537156938518
0.0750375187593797,4.48747559951002
0.080040020010005,4.71234909760772
0.0850425212606303,4.8808307449866
0.0900450225112556,4.98510909378636
0.0950475237618809,5.01914451189949
0.100050025012506,4.97902115471838
0.105052526263132,4.8632108571907
0.110055027513757,4.67273488255965
0.115057528764382,4.41121420689836
0.120060030015008,4.08480423523421
0.125062531265633,3.70201528657439
0.130065032516258,3.27342559109517
0.135067533766883,2.81129865400844
0.140070035017509,2.32912141176247
0.145072536268134,1.84108341740413
0.150075037518759,1.36152015940113
0.155077538769385,0.90434540326033
0.16008004002001,0.48249806084313
0.165082541270635,0.107428507232711
0.170085042521261,-0.211352494355993
0.175087543771886,-0.466641950331201
0.180090045022511,-0.653813376148337
0.185092546273137,-0.770974201266714
0.190095047523762,-0.819005067244623
0.195097548774387,-0.801479704822008
0.200100050025012,-0.724469589225193
0.205102551275638,-0.596242879563984
0.210105052526263,-0.426871996217807
0.215107553776888,-0.227768349776763
0.220110055027514,-0.0111660097933097
0.225112556278139,0.210421662768181
0.230115057528764,0.424747303090339
0.23511755877939,0.620351733885591
0.240120060030015,0.787039329133048
0.24512256128064,0.91628522334128
0.250125062531266,1.00155644578995
0.255127563781891,1.03853330096994
0.260130065032516,1.02522218771351
0.265132566283142,0.961956314430813
0.270135067533767,0.851286172111827
0.275137568784392,0.697766909761694
0.280140070035017,0.5076546645119
0.285142571285643,0.288528195183268
0.290145072536268,0.0488556479032598
0.295147573786893,-0.202471220333644
0.300150075037519,-0.456611637564937
0.305152576288144,-0.705235278074876
0.310155077538769,-0.940943576463808
0.315157578789395,-1.15763194822521
0.32016008004002,-1.35077505778001
0.325162581290645,-1.51762123072783
0.330165082541271,-1.65728673673142
0.335167583791896,-1.77074574573998
0.340170085042521,-1.86071703443159
0.345172586293147,-1.93145373359604
0.350175087543772,-1.98844730550361
0.355177588794397,-2.03806128333352
0.360180090045022,-2.08711387970698
0.365182591295648,-2.14243120285532
0.370185092546273,-2.21039437736419
0.375187593796898,-2.29650427430914
0.380190095047524,-2.40498679137705
0.385192596298149,-2.53845972266573
0.390195097548774,-2.69767931096818
0.3951975987994,-2.88138072410809
0.400200100050025,-3.08622212703618
0.40520260130065,-3.30683695381141
0.410205102551276,-3.53599366366228
0.415207603801901,-3.76485695107957
0.420210105052526,-3.98333932954858
0.425212606303152,-4.18052746799746
0.430215107553777,-4.34516385004327
0.435217608804402,-4.46616143545099
0.440220110055027,-4.53312717369696
0.445222611305653,-4.53686954303725
0.450225112556278,-4.46986580150226
0.455227613806903,-4.32666631802355
0.460230115057529,-4.10421612540465
0.465232616308154,-3.80207757239216
0.470235117558779,-3.42254247355293
0.475237618809405,-2.97062724885921
0.48024012006003,-2.45394996791475
0.485242621310655,-1.88249370855378
0.490245122561281,-1.26826594428647
0.495247623811906,-0.624868536734758
0.500250125062531,0.0330029042441111
0.505252626313157,0.690108218537009
0.510255127563782,1.33123609937516
0.515257628814407,1.94177621390287
0.520260130065032,2.50826461229381
0.525262631315658,3.0188782507468
0.530265132566283,3.4638568410526
0.535267633816908,3.83583364631309
0.540270135067534,4.13006110606742
0.545272636318159,4.34452209093668
0.550275137568784,4.47992292227465
0.55527763881941,4.53956979175348
0.560280140070035,4.52913561730249
0.56528264132066,4.45632941835537
0.570285142571286,4.33048474530477
0.575287643821911,4.16208734462297
0.580290145072536,3.96226491044846
0.585292646323162,3.74226334090463
0.590295147573787,3.512934311474
0.595297648824412,3.28425818337812
0.600300150075037,3.06492432425609
0.605302651325663,2.86198792872152
0.610305152576288,2.68061853516926
0.615307653826913,2.52395083322582
0.620310155077539,2.39304326813815
0.625312656328164,2.28694462186846
0.630315157578789,2.2028634444684
0.635317658829415,2.13643018076571
0.64032016008004,2.08203732996221
0.645322661330665,2.03323920724337
0.650325162581291,1.98319002863377
0.655327663831916,1.92509724990336
0.660330165082541,1.85266644266096
0.665332666333167,1.76051451560899
0.670335167583792,1.6445297590358
0.675337668834417,1.50215992310076
0.680340170085043,1.33261320082813
0.685342671335668,1.13696139538953
0.690345172586293,0.918139492269037
0.695347673836918,0.680841088411482
0.700350175087544,0.431314396401445
0.705352676338169,0.177068584276824
0.710355177588794,-0.0734952163773861
0.71535767883942,-0.311510024315923
0.720360180090045,-0.528105043477606
0.72536268134067,-0.714880460314117
0.730365182591296,-0.864371019503221
0.735367683841921,-0.970474743315753
0.740370185092546,-1.02882467049378
0.745372686343172,-1.03708409219004
0.750375187593797,-0.995149332205392
0.755377688844422,-0.905248486230762
0.760380190095048,-0.771929490919615
0.765382691345673,-0.601936200391505
0.770385192596298,-0.40397654979843
0.775387693846923,-0.188392122379948
0.780390195097549,0.0332567450400809
0.785392696348174,0.248672016259605
0.790395197598799,0.445343554891462
0.795397698849425,0.61109535670356
0.80040020010005,0.734627335021978
0.805402701350675,0.806027598849194
0.810405202601301,0.817231373229066
0.815407703851926,0.762405056486021
0.820410205102551,0.638237279854218
0.825412706353177,0.444123072991974
0.830415207603802,0.182232143558003
0.835417708854427,-0.142542382066466
0.840420210105052,-0.522752890112365
0.845422711355678,-0.94867657770344
0.850425212606303,-1.4086927144728
0.855427713856928,-1.88974094744318
0.860430215107554,-2.37784000908205
0.865432716358179,-2.85864344118417
0.870435217608804,-3.31800730249507
0.87543771885943,-3.74254436276804
0.880440220110055,-4.12014002080334
0.88544272136068,-4.44040708211132
0.890445222611306,-4.69505950072739
0.895447723861931,-4.87818908581451
0.900450225112556,-4.98643380924629
0.905452726363182,-5.01903150245026
0.910455227613807,-4.97775815207971
0.915457728864432,-4.86675543474336
0.920460230115057,-4.69225731123237
0.925462731365683,-4.46223018311505
0.930465232616308,-4.18594507628283
0.935467733866934,-3.87350336917477
0.940470235117559,-3.53533958423163
0.945472736368184,-3.18172561685568
0.950475237618809,-2.82230044939269
0.955477738869435,-2.46564790815168
0.96048024012006,-2.11894244509795
0.965482741370685,-1.78767939085347
0.970485242621311,-1.47550180642099
0.975487743871936,-1.18413116969903
0.980490245122561,-0.913403908847314
0.985492746373187,-0.661410493160545
0.990495247623812,-0.424728672001749
0.995497748874437,-0.198737763131598
1.00050025012506,0.0220031381276433
1.00550275137569,0.243333331831819
1.01050525262631,0.471047535758969
1.01550775387694,0.710455273496122
1.02051025512756,0.96596602728526
1.02551275637819,1.24072227666913
1.03051525762881,1.53630016752497
1.03551775887944,1.85249419677678
1.04052026013007,2.18719811944052
1.04552276138069,2.5363894901447
1.05052526263132,2.89422007446546
1.05552776388194,3.25320905872629
1.06053026513257,3.60453080934596
1.06553276638319,3.93838413745255
1.07053526763382,4.24442584620972
1.07553776888444,4.51224798243763
1.08054027013507,4.73187584644965
1.08554277138569,4.89426255276227
1.09054527263632,4.99175584432508
1.09554777388694,5.0185139524682
1.10055027513757,4.97084951518558
1.10555277638819,4.84748381425535
1.11055527763882,4.64969771384766
1.11555777888944,4.38137048403643
1.12056028014007,4.04890294329382
1.1255627813907,3.66102680380187
1.13056528264132,3.22850749142689
1.13556778389195,2.76375278015524
1.14057028514257,2.28034408530963
1.1455727863932,1.79251098425452
1.15057528764382,1.31457229796199
1.15557778889445,0.86036873791762
1.16058029014507,0.442712618807502
1.1655827913957,0.0728794328192413
1.17058529264632,-0.239835791770339
1.17558779389695,-0.488477378833553
1.18059029514757,-0.668687065334073
1.1855927963982,-0.778849811920447
1.19059529764882,-0.82012112665117
1.19559779889945,-0.796335140900286
1.20060030015008,-0.713798180920756
1.2056028014007,-0.58097785037835
1.21060530265133,-0.408102428233601
1.21560780390195,-0.206689465734204
1.22061030515258,0.0109743567753617
1.2256128064032,0.232377927398408
1.23061530765383,0.445329794318408
1.23561780890445,0.638476711126815
1.24062031015508,0.801773095990861
1.2456228114057,0.926880375776723
1.25062531265633,1.00747868427736
1.25562781390695,1.03947769825739
1.26063031515758,1.02111831667528
1.2656328164082,0.952962178946371
1.27063531765883,0.837771421947019
1.27563781890945,0.680286332152634
1.28064032016008,0.486913405965393
1.28564282141071,0.265340554820304
1.29064532266133,0.0240995799596151
1.29564782391196,-0.227901566539843
1.30065032516258,-0.481852935720058
1.30565282641321,-0.729499238268912
1.31065532766383,-0.963556148460525
1.31565782891446,-1.17806557409145
1.32066033016508,-1.36867239277101
1.32566283141571,-1.532809187496
1.33066533266633,-1.66978019943066
1.33566783391696,-1.78074082333737
1.34067033516758,-1.8685742509131
1.34567283641821,-1.93767206090054
1.35067533766883,-1.99363040806934
1.35567783891946,-2.04287773841915
1.36068034017009,-2.09225344577679
1.36568284142071,-2.14855941415079
1.37068534267134,-2.21810783614769
1.37568784392196,-2.30628898844811
1.38069034517259,-2.417181764925
1.38569284642321,-2.55322775751972
1.39069534767384,-2.7149866305096
1.39569784892446,-2.90098660168366
1.40070035017509,-3.10767921388076
1.40570285142571,-3.32950247617831
1.41070535267634,-3.55905112294548
1.41570785392696,-3.78734743960846
1.42071035517759,-4.00420109385506
1.42571285642821,-4.19864193414842
1.43071535767884,-4.35940599251198
1.43571785892946,-4.47545213836327
1.44072036018009,-4.53648511270591
1.44572286143072,-4.53346011374658
1.45072536268134,-4.45904473678052
1.45572786393197,-4.30801586651804
1.46073036518259,-4.07757199639333
1.46573286643322,-3.76754527215787
1.47073536768384,-3.38050214586536
1.47573786893447,-2.92172666378272
1.48074037018509,-2.39908585374183
1.48574287143572,-1.82278216497645
1.49074537268634,-1.20500318505414
1.49574787393697,-0.559483662668128
1.50075037518759,0.0990010275195759
1.50575287643822,0.755187627248037
1.51075537768884,1.39389942540882
1.51575787893947,2.00061684030851
1.5207603801901,2.56201879723351
1.52576288144072,3.06647091584588
1.53076538269135,3.50443901723717
1.53576788394197,3.86880996110228
1.5407703851926,4.15510616224459
1.54577288644322,4.36158510530997
1.55077538769385,4.48922054010413
1.55577788894447,4.54156754130011
1.5607803901951,4.52451899371024
1.56578289144572,4.44596606176904
1.57078539269635,4.31537958219537
1.57578789394697,4.14333287465115
1.5807903951976,3.94098902913994
1.58579289644822,3.71957718131778
1.59079539769885,3.48988256183186
1.59579789894947,3.26177419397044
1.6008004002001,3.0437920630925
1.60580290145073,2.84281249402766
1.61080540270135,2.66380650113007
1.61580790395198,2.50970121450126
1.6208104052026,2.38134936252982
1.62581290645323,2.27760645468239
1.63081540770385,2.19551001860514
1.63581790895448,2.13055025854373
1.6408204102051,2.07701705926534
1.64582291145573,2.02840457573361
1.65082541270635,1.97785190131418
1.65582791395698,1.9185966281891
1.6608304152076,1.84441758284088
1.66583291645823,1.75004366099352
1.67083541770885,1.63150746736057
1.67583791895948,1.486425297672
1.68084042021011,1.31418874439851
1.68584292146073,1.11605767972357
1.69084542271136,0.895149350589324
1.69584792396198,0.656323567243645
1.70085042521261,0.405969221846006
1.70585292646323,0.151702380032526
1.71085542771386,-0.0980092994866217
1.71585792896448,-0.334277265762758
1.72086043021511,-0.548256451558078
1.72586293146573,-0.731620031287656
1.73086543271636,-0.877020558694549
1.73586793396698,-0.978513949053814
1.74087043521761,-1.03192439446335
1.74587293646823,-1.03513100564395
1.75087543771886,-0.988260631507781
1.75587793896948,-0.893775744061176
1.76088044022011,-0.75645127848305
1.76588294147074,-0.583239646195522
1.77088544272136,-0.383028535948323
1.77588794397199,-0.16630132406119
1.78089044522261,0.0552853215922351
1.78589294647324,0.269387969269254
1.79089544772386,0.463505190305749
1.79589794897449,0.625524484450425
1.80090045022511,0.744262231528882
1.80590295147574,0.809971676984502
1.81090545272636,0.814795285644056
1.81590795397699,0.753140251517314
1.82091045522761,0.62195941693399
1.82591295647824,0.420924168598406
1.83091545772886,0.152480837145417
1.83591795897949,-0.178212504584704
1.84092046023012,-0.563466425925786
1.84592296148074,-0.993349871003528
1.85092546273137,-1.45607635435175
1.85592796398199,-1.9384692883744
1.86093046523262,-2.42648548153395
1.86593296648324,-2.90577320413184
1.87093546773387,-3.36223968920427
1.87593796898449,-3.78260259086791
1.88094047023512,-4.15490077622812
1.88594297148574,-4.46894183718126
1.89094547273637,-4.71666677730362
1.89594797398699,-4.89241630817877
1.90095047523762,-4.99308788724858
1.90595297648824,-5.0181778197122
1.91095547773887,-4.96970818101422
1.91595797898949,-4.85204373366216
1.92096048024012,-4.67160915336304
1.92596298149075,-4.43652149936015
1.93096548274137,-4.15615674249747
1.935967983992,-3.84067211812487
1.94097048524262,-3.50050796055788
1.94597298649325,-3.14589341402758
1.95097548774387,-2.78637997018974
1.9559779889945,-2.43042517975869
1.96098049024512,-2.08504620699821
1.96598299149575,-1.75555927383615
1.97098549274637,-1.44541665385733
1.975987993997,-1.15614794068239
1.98099049524762,-0.887407071851844
1.98599299649825,-0.637121294474102
1.99099549774887,-0.401733170903316
1.9959979989995,-0.17652208960084
2.00100050025013,0.044012206221781
2.00600300150075,0.265724639146781
2.01100550275138,0.494380990955621
2.016008004002,0.735218826341932
2.02101050525263,0.992536469791474
2.02601300650325,1.2693319669524
2.03101550775388,1.56701148103736
2.0360180090045,1.88518312548061
2.04102051025513,2.22154798411466
2.04602301150575,2.57189522647526
2.05102551275638,2.93020302448708
2.056028014007,3.28884167134888
2.06103051525763,3.63887015290923
2.06603301650825,3.97041267799923
2.07103551775888,4.273097569498
2.0760380190095,4.53653765413254
2.08104052026013,4.75082902751573
2.08604302151076,4.90704392478604
2.09104552276138,4.99769345573062
2.09604802401201,5.01713716903182
2.10105052526263,4.96191873896571
2.10605302651326,4.83101041085042
2.11105552776388,4.6259530409821
2.11605802901451,4.35088342329934
2.12106053026513,4.01244587713761
2.12606303151576,3.61959052581087
2.13106553276638,3.18326606323707
2.13606803401701,2.71601982803382
2.14107053526763,2.2315224402344
2.14607303651826,1.74403789157793
2.15107553776888,1.26786264083924
2.15607803901951,0.816758822023728
2.16108054027013,0.403407049354572
2.16608304152076,0.0389034791311902
2.17108554277139,-0.267676197534818
2.17608804402201,-0.509626212072502
2.18109054527264,-0.682857986236795
2.18609304652326,-0.786034285733752
2.19109554777389,-0.820584561941997
2.19609804902451,-0.790601274269305
2.20110055027514,-0.702622478528516
2.20610305152576,-0.565311201241287
2.21110555277639,-0.389046847602828
2.21610805402701,-0.185447888005922
2.22111055527764,0.0331518542776439
2.22611305652826,0.254248978041553
2.23111555777889,0.465713149466548
2.23611805902951,0.656301765072811
2.24112056028014,0.816123295210134
2.24612306153077,0.937028587055126
2.25112556278139,1.01291299415839
2.25612806403202,1.03991658484139
2.26113056528264,1.01651465137544
2.26613306653327,0.943496055390313
2.27113556778389,0.823832345776839
2.27613806903452,0.662445813183916
2.28114057028514,0.465889448622253
2.28614307153577,0.241955922189857
2.29114557278639,-0.00076400690915146
2.29614807403702,-0.253350952912305
2.30115057528764,-0.507030375410397
2.30615307653827,-0.753626201707955
2.31115557778889,-0.985971912983495
2.31615807903952,-1.19825868788207
2.32116058029015,-1.38630347184908
2.32616308154077,-1.54772394785682
2.3311655827914,-1.68201212219147
2.33616808404202,-1.79050337521527
2.34117058529265,-1.87624310986825
2.34617308654327,-1.94375830150871
2.3511755877939,-1.99874605843413
2.35617808904452,-2.04769550780669
2.36118059029515,-2.09746272065758
2.36618309154577,-2.15482081529045
2.3711855927964,-2.22600871115189
2.37618809404702,-2.31630217859271
2.38119059529765,-2.42962983374232
2.38619309654827,-2.56825460865496
2.3911955977989,-2.73253808627527
2.39619809904952,-2.92080107868246
2.40120060030015,-3.12928913905167
2.40620310155078,-3.35224655950595
2.4112056028014,-3.5820970674098
2.41620810405203,-3.80972415075145
2.42121060530265,-4.0248389758143
2.42621310655328,-4.21641944934926
2.4312156078039,-4.37320033847602
2.43621810905453,-4.4841916732221
2.44122061030515,-4.53920105206581
2.44622311155578,-4.5293350311644
2.4512256128064,-4.44745552821435
2.45622811405703,-4.28856907993725
2.46123061530765,-4.05012977006356
2.46623311655828,-3.73224055285368
2.4712356178089,-3.3377423511733
2.47623811905953,-2.87218548734737
2.48124062031015,-2.34368346334738
2.48624312156078,-1.76265458449999
2.49124562281141,-1.14146215677211
2.49624812406203,-0.493968732021684
2.50125062531266,0.164976098063573
2.50625312656328,0.820091742582815
2.51125562781391,1.45624181296105
2.51625812906453,2.05900291235504
2.52126063031516,2.61520174087861
2.52626313156578,3.11339673166159
2.53126563281641,3.54428303479966
2.53626813406703,3.90100325895131
2.54127063531766,4.17935079208372
2.54627313656828,4.37785754300541
2.55127563781891,4.49776333429111
2.55627813906953,4.54286967803832
2.56128064032016,4.51928601657139
2.56628314157079,4.43508145623441
2.57128564282141,4.29985932903256
2.57628814407204,4.12427538033956
2.58129064532266,3.91952283819738
2.58629314657329,3.69680895646578
2.59129564782391,3.4668477798142
2.59629814907454,3.2393928497368
2.60130065032516,3.02283141082926
2.60630315157579,2.82385849325128
2.61130565282641,2.64724519744637
2.61630815407704,2.49571078911542
2.62131065532766,2.36990305630787
2.62631315657829,2.2684860371983
2.63131565782891,2.18832895613301
2.63631815907954,2.12478526239522
2.64132066033016,2.0720462900758
2.64632316158079,2.02355045985429
2.65132566283142,1.9724262977378
2.65632816408204,1.91194597883885
2.66133066533267,1.83596569054728
2.66633316658329,1.73932986733854
2.67133566783392,1.61821824039508
2.67633816908454,1.47041757558429
2.68134067033517,1.29550379902619
2.68634317158579,1.09492474288277
2.69134567283642,0.871978763092082
2.69634817408704,0.631689739886046
2.70135067533767,0.380584213662623
2.70635317658829,0.126381376447221
2.71135567783892,-0.122388910741143
2.71635817908954,-0.35682119035263
2.72136068034017,-0.568100891484228
2.7263631815908,-0.747978807435539
2.73136568284142,-0.88922955903349
2.73636818409205,-0.986070619661045
2.74137068534267,-1.03452021410379
2.7463731865933,-1.03267521007659
2.75137568784392,-0.980893865528837
2.75637818909455,-0.881872797836039
2.76138069034517,-0.740612587004741
2.7663831915958,-0.564271771619102
2.77138569284642,-0.361914386022253
2.77638819409705,-0.144161360150983
2.78139069534767,0.0772391905232062
2.7863931965983,0.289903746378895
2.79139569784892,0.481345076594021
2.79639819909955,0.63951960516473
2.80140070035017,0.753365277920294
2.8064032016008,0.813305017894672
2.81140570285143,0.811692299530386
2.81640820410205,0.743177932866983
2.82141070535268,0.604980707326122
2.8264132066033,0.397048933232254
2.83141570785393,0.122104930171907
2.83641820910455,-0.21443009290323
2.84142071035518,-0.604627796453217
2.8464232116058,-1.03835274795029
2.85142571285643,-1.50365737750579
2.85642821410705,-1.98725411748238
2.86143071535768,-2.47504345386052
2.8664332166083,-2.95267408160903
2.87143571785893,-3.40610994308072
2.87643821910955,-3.82217870344814
2.88144072036018,-4.18907718946483
2.8864432216108,-4.4968114392032
2.89144572286143,-4.73755217776417
2.89644822411206,-4.90589059424126
2.90145072536268,-4.99898405286264
2.90645322661331,-5.01658659752506
2.91145572786393,-4.96096455306505
2.91645822911456,-4.83670292774708
2.92146073036518,-4.6504134212739
2.92646323161581,-4.41035939776893
2.93146573286643,-4.12601697691363
2.93646823411706,-3.80759424905659
2.94147073536768,-3.46553239761081
2.94647323661831,-3.11001313245553
2.95147573786893,-2.75049627534187
2.95647823911956,-2.3953096236112
2.96148074037018,-2.05131043858648
2.96648324162081,-1.72363419785973
2.97148574287144,-1.41554179905395
2.97648824412206,-1.12837142491993
2.98149074537269,-0.861596019429785
2.98649324662331,-0.612982038803804
2.99149574787394,-0.378840088019652
2.99649824912456,-0.154353478606551
3.00150075037519,0.0660331297512568
3.00650325162581,0.288185824532537
3.01150575287644,0.517837041389835
3.01650825412706,0.760148257678498
3.02151075537769,1.01930301358777
3.02651325662831,1.29815199154594
3.03151575787894,1.59792930066701
3.03651825912956,1.91805557535898
3.04152076038019,2.25603917800474
3.04652326163082,2.60748190520065
3.05152576288144,2.96619037367219
3.05652826413207,3.32438896041004
3.06153076538269,3.67302505060739
3.06653326663332,4.00215265703095
3.07153576788394,4.30137644537353
3.07653826913457,4.56033503007181
3.08154077038519,4.76920025087358
3.08654327163582,4.91916811001886
3.09154577288644,5.00291719697006
3.09654827413707,5.0150117490485
3.10155077538769,4.9522289322
3.10655327663832,4.81379336258305
3.11155577788894,4.60150616440172
3.11655827913957,4.31976076932265
3.12156078039019,3.97544297385951
3.12656328164082,3.57771822948354
3.13156578289145,3.1377144845814
3.13656828414207,2.66811387142624
3.1415707853927,2.18267089611262
3.14657328664332,1.6956783348633
3.15157578789395,1.22140459518086
3.15657828914457,0.773527741167326
3.1615807903952,0.364591638377233
3.16658329164582,0.00550873086128778
3.17158579289645,-0.294868134991657
3.17658829414707,-0.530085579914794
3.1815907953977,-0.696326056720188
3.18659329664832,-0.792530289760085
3.19159579789895,-0.820400632567814
3.19659829914957,-0.784285689733682
3.2016008004002,-0.690952027713254
3.20660330165083,-0.549253993985061
3.21160580290145,-0.369717328310299
3.21660830415208,-0.164056162898387
3.2216108054027,0.0553540147168183
3.22661330665333,0.276022961106277
3.23161580790395,0.485886626452217
3.23661830915458,0.673817700840746
3.2416208104052,0.830082634057124
3.24662331165583,0.94672472546528
3.25162581290645,1.01785655691234
3.25662831415708,1.03984949541131
3.2616308154077,1.01141300755888
3.26663331665833,0.93356186159598
3.27163581790895,0.809474688202267
3.27663831915958,0.64425256757101
3.2816408204102,0.444591058157821
3.28664332166083,0.218383153976005
3.29164582291146,-0.0257261422506985
3.29664832416208,-0.278810765606074
3.30165082541271,-0.532136139292244
3.30665332666333,-0.777609535037231
3.31165582791396,-1.00818573658566
3.31665832916458,-1.21820788493921
3.32166083041521,-1.40366674996682
3.32666333166583,-1.56236585308933
3.33166583291646,-1.69398465445045
3.33666833416708,-1.80003718043147
3.34167083541771,-1.88372875065733
3.34667333666833,-1.94971860915825
3.35167583791896,-2.00380102024744
3.35667833916958,-2.05252152311383
3.36168084042021,-2.10274834753437
3.36668334167084,-2.16122131400963
3.37168584292146,-2.23410176051418
3.37668834417209,-2.32654709396738
3.38169084542271,-2.44233245301387
3.38669334667334,-2.58353974205837
3.39169584792396,-2.75033106127592
3.39669834917459,-2.94081946920259
3.40170085042521,-3.15104527080944
3.40670335167584,-3.37506085409501
3.41170585292646,-3.60512175266489
3.41670835417709,-3.83197634990088
3.42171085542771,-4.04524171798027
3.42671335667834,-4.23384874205018
3.43171585792896,-4.38653612859394
3.43671835917959,-4.4923703119119
3.44172086043022,-4.54126678183445
3.44672336168084,-4.52448803490911
3.45172586293147,-4.4350942197374
3.45672836418209,-4.26832456701637
3.46173086543272,-4.02189077282831
3.46673336668334,-3.69616749544367
3.47173586793397,-3.29426984283723
3.47673836918459,-2.8220129466342
3.48174087043522,-2.28775419027629
3.48674337168584,-1.70212412431018
3.49174587293647,-1.07765729936575
3.49674837418709,-0.428338929629105
3.50175087543772,0.2309127570761
3.50675337668834,0.884805610454976
3.51175587793897,1.51824927334082
3.51675837918959,2.1169219245387
3.52176088044022,2.66780287293566
3.52676338169085,3.15964742957159
3.53176588294147,3.58338319190168
3.5367683841921,3.93241055752691
3.54177088544272,4.20279476729076
3.54677338669335,4.39334184582349
3.55177588794397,4.505556219514
3.5567783891946,4.54348328947234
3.56178089044522,4.51344555847841
3.56678339169585,4.42368580313242
3.57178589294647,4.28393501329336
3.5767883941971,4.10492619032043
3.58179089544772,3.89787744517741
3.58679339669835,3.67396905788436
3.59179589794897,3.44383919629361
3.5967983991996,3.21712184691193
3.60180090045022,3.00204824250351
3.60680340170085,2.8051297934303
3.61180590295148,2.63093640348139
3.6168084042021,2.48197927827134
3.62181090545273,2.35870214790864
3.62681340670335,2.25957947786077
3.63181590795398,2.18131499242055
3.6368184092046,2.11912893835286
3.64182091045523,2.0671182091325
3.64682341170585,2.01866994068576
3.65182591295648,1.96690664678571
3.6568284142071,1.90513950816411
3.66183091545773,1.82730613295314
3.66683341670835,1.72836997992931
3.67183591795898,1.60466063600009
3.6768384192096,1.45413716653774
3.68184092046023,1.27656066271335
3.68684342171086,1.07356670242148
3.69184592296148,0.848633495825053
3.69684842421211,0.606946755597339
3.70185092546273,0.355167557692444
3.70685342671336,0.101114385017642
3.71185592796398,-0.146625067826117
3.71685842921461,-0.379133120964699
3.72186093046523,-0.587630464542661
3.72686343171586,-0.763950114829583
3.73186593296648,-0.900992967997486
3.73686843421711,-0.993141650206316
3.74187093546773,-1.03661121041643
3.74687343671836,-1.02971810964287
3.75187593796898,-0.973052789207402
3.75687843921961,-0.869545668090597
3.76188094047024,-0.724421506814614
3.76688344172086,-0.545042437930656
3.77188594297149,-0.340645342899163
3.77688844422211,-0.121984392368098
3.78189094547274,0.0991057868040426
3.78689344672336,0.310206924170026
3.79189594797399,0.498851481308894
3.79689844922461,0.653070205818176
3.80190095047524,0.761927663570541
3.80690345172586,0.816020928292618
3.81190595297649,0.807918166290457
3.81690845422711,0.732516520833607
3.82191095547774,0.587302350452938
3.82691345672836,0.372501336098745
3.83191595797899,0.0911110326457654
3.83691845922961,-0.251186139370801
3.84192096048024,-0.646225943005323
3.84692346173087,-1.08367253335572
3.85192596298149,-1.55142199516753
3.85692846423212,-2.03608108104113
3.86193096548274,-2.52349957696764
3.86693346673337,-2.9993322940922
3.87193596798399,-3.44960538915671
3.87693846923462,-3.86126161133347
3.88194097048524,-4.22266016344799
3.88694347173587,-4.52400909706072
3.89194597298649,-4.75771142517161
3.89694847423712,-4.91861027576077
3.90195097548774,-5.00412322463292
3.90695347673837,-5.01426120565562
3.91195597798899,-4.95153284810847
3.91695847923962,-4.82074047333721
3.92196098049024,-4.62867903886475
3.92696348174087,-4.38375380633219
3.9319659829915,-4.09553621666049
3.93696848424212,-3.77428020615699
3.94197098549275,-3.43042286187005
3.94697348674337,-3.07409381680895
3.951975987994,-2.71465710539419
3.95697848924462,-2.36030737349343
3.96198099049525,-2.01773945772369
3.96698349174587,-1.69190655822435
3.9719859929965,-1.38587771452147
3.97698849424712,-1.1008002768597
3.98199099549775,-0.835967790952323
3.98699349674837,-0.588988440094687
3.991995997999,-0.356044172280198
3.99699849924962,-0.13222612581357
4.00200100050025,0.0880718251922952
4.00700350175088,0.310722469534055
4.0120060030015,0.541420504374578
4.01700850425213,0.78524723189472
4.02201100550275,1.04626784288004
4.02701350675338,1.3271828064191
4.032016008004,1.62905219913625
4.03701850925463,1.95110818312359
4.04202101050525,2.29066645539776
4.04702351175588,2.6431425568984
4.0520260130065,3.00217368622912
4.05702851425713,3.35984136822237
4.06203101550775,3.70698523852632
4.06703351675838,4.03359357164593
4.07203601800901,4.32925222838412
4.07703851925963,4.58363062384714
4.08204102051026,4.78698127136229
4.08704352176088,4.93062854349425
4.09204602301151,5.0074225569407
4.09704852426213,5.01213552457022
4.10205102551276,4.94178045976583
4.10705352676338,4.7958356465796
4.11205602801401,4.57636263718305
4.11705852926463,4.28801049907782
4.12206103051526,3.93790437195282
4.12706353176588,3.53542185282185
4.13206603301651,3.09186604675153
4.13706853426713,2.6200490439675
4.14207103551776,2.13380387586512
4.14707353676838,1.64744645584147
4.15207603801901,1.17521145924698
4.15707853926963,0.730687421378174
4.16208104052026,0.326276468282373
4.16708354177089,-0.0272969659896662
4.17208604302151,-0.321406291083796
4.17708854427214,-0.549852889337864
4.18209104552276,-0.709091473296254
4.18709354677339,-0.798340759245527
4.19209604802401,-0.819574844255779
4.19709854927464,-0.7773961860582
4.20210105052526,-0.678796546920509
4.20710355177589,-0.532817415119816
4.21210605302651,-0.350126016242722
4.21710855427714,-0.142526853623337
4.22211105552776,0.0775684078690457
4.22711355677839,0.297688112628568
4.23211605802901,0.505839619499231
4.23711855927964,0.691015499269615
4.24212106053027,0.84364402594486
4.24712356178089,0.955963885592882
4.25212606303152,1.02230678940726
4.25712856428214,1.03927619783087
4.26213106553277,1.00581542092076
4.26713356678339,0.923163711936581
4.27213606803402,0.794704358075014
4.27713856928464,0.625713934838352
4.28214107053527,0.423026580519728
4.28714357178589,0.1946311397916
4.29214607303652,-0.0507778704281729
4.29714857428714,-0.304272451331293
4.30215107553777,-0.55716251202522
4.30715357678839,-0.801442742004861
4.31215607803902,-1.03019264994648
4.31715857928965,-1.23790994236644
4.32216108054027,-1.4207608712494
4.3271635817909,-1.5767354305146
4.33216608304152,-1.70570011822953
4.33716858429215,-1.80934616758258
4.34217108554277,-1.89103643076392
4.3471735867934,-1.95555921757071
4.35217608804402,-2.00880209426665
4.35717858929465,-2.05736270768581
4.36218109054527,-2.10811691580147
4.3671835917959,-2.16776672098106
4.37218609304652,-2.24239160656712
4.37718859429715,-2.3370268158492
4.38219109554777,-2.45529088618802
4.3871935967984,-2.59908241789353
4.39219609804902,-2.76836272919079
4.39719859929965,-2.96103688544016
4.40220110055027,-3.17294079369976
4.4072036018009,-3.39793685476418
4.41220610305153,-3.62811531590383
4.41720860430215,-3.85409322827278
4.42221110555278,-4.06539803812171
4.4272136068034,-4.25091856816206
4.43221610805403,-4.39940268362833
4.43721860930465,-4.49997845696069
4.44222111055528,-4.54267426872236
4.4472236118059,-4.51891308049679
4.45222611305653,-4.42195710172801
4.45722861430715,-4.24728120324434
4.46223111555778,-3.99285660685483
4.4672336168084,-3.65933045378911
4.47223611805903,-3.25009163240118
4.47723861930966,-2.77121850089193
4.48224112056028,-2.23130962400345
4.48724362181091,-1.64120409262275
4.49224612306153,-1.01360315219355
4.49724862431216,-0.362609483742872
4.50225112556278,0.296795660283932
4.50725362681341,0.949314348604665
4.51225612806403,1.5799079437898
4.51725862931466,2.17436154580403
4.52226113056528,2.71981183835079
4.52726363181591,3.20521498748641
4.53226613306653,3.62173405370547
4.53726863431716,3.96302915031668
4.54227113556778,4.22543813228619
4.54727363681841,4.40804071352231
4.55227613806903,4.51260434281608
4.55727863931966,4.5434156603562
4.56228114057029,4.50700664638358
4.56728364182091,4.41178940963578
4.57228614307154,4.26761771634415
4.57728864432216,4.08529663435786
4.58229114557279,3.87606390765049
4.58729364682341,3.65106778003502
4.59229614807404,3.42086590418328
4.59729864932466,3.19496871094116
4.60230115057529,2.98144823903168
4.60730365182591,2.7866300546173
4.61230615307654,2.61488168966363
4.61730865432716,2.46850620311287
4.62231115557779,2.3477442547875
4.62731365682841,2.25088273229529
4.63231615807904,2.17446274570062
4.63731865932967,2.11357495659547
4.64232116058029,2.06222597201018
4.64732366183092,2.0137561138931
4.65232616308154,1.96128643634171
4.65732866433217,1.89817152225312
4.66233116558279,1.81843441201497
4.66733366683342,1.71716100624636
4.67233616808404,1.59083339260665
4.67733866933467,1.43758466915636
4.68234117058529,1.25736182023946
4.68734367183592,1.05198785007567
4.69234617308654,0.825119466552801
4.69734867433717,0.582101884099659
4.70235117558779,0.329727521727647
4.70735367683842,0.0759102553234312
4.71235617808904,-0.170708797381802
4.71735867933967,-0.401204437280482
4.7223611805903,-0.60683737505849
4.72736368184092,-0.779527424843623
4.73236618309155,-0.912305914470141
4.73736868434217,-0.999724145205714
4.7423711855928,-1.03819669230162
4.74737368684342,-1.0262613441867
4.75237618809405,-0.964741389735748
4.75737868934467,-0.856800592927519
4.7623811905953,-0.707886320392057
4.76738369184592,-0.525561663438096
4.77238619309655,-0.319232763209657
4.77738869434717,-0.0997826466362426
4.7823911955978,0.120872534773419
4.78739369684842,0.330285123747137
4.79239619809905,0.516012770727136
4.79739869934967,0.666165922842707
4.8024012006003,0.769940772219431
4.80740370185093,0.818112946223899
4.81240620310155,0.803468895939365
4.81740870435218,0.721154710614933
4.8224112056028,0.568925825127201
4.82741370685343,0.347285618232255
4.83241620810405,0.0595060070895253
4.83741870935468,-0.288471414047991
4.8424212106053,-0.688249624395221
4.84742371185593,-1.12929641710221
4.85242621310655,-1.59935633684114
4.85742871435718,-2.08493580003153
4.8624312156078,-2.57183953359489
4.86743371685843,-3.04573414914643
4.87243621810906,-3.49271349046891
4.87743871935968,-3.89984040767714
4.88244122061031,-4.25564081923964
4.88744372186093,-4.55052826351515
4.89244622311156,-4.7771405011228
4.89744872436218,-4.93057394607556
4.90245122561281,-5.00850657414847
4.90745372686343,-5.01120524737569
4.91245622811406,-4.94141885007089
4.91745872936468,-4.80416399300034
4.92246123061531,-4.60641505200686
4.92746373186593,-4.35671472653809
4.93246623311656,-4.06472492207076
4.93746873436718,-3.74074040716331
4.94247123561781,-3.39518924675554
4.94747373686843,-3.03814439736216
4.95247623811906,-2.67887005238539
4.95747873936968,-2.32542438937219
4.96248124062031,-1.98433739307045
4.96748374187094,-1.66037855620083
4.97248624312156,-1.35642468456087
4.97748874437219,-1.0734329787717
4.98249124562281,-0.810519278908736
4.98749374687344,-0.565136098562541
4.99249624812406,-0.333340098095797
4.99749874937469,-0.110134195537633
5.00250125062531,0.110134195537559
5.00750375187594,0.333340098095766
5.01250625312656,0.56513609856251
5.01750875437719,0.810519278908706
5.02251125562781,1.07343297877167
5.02751375687844,1.35642468456084
5.03251625812906,1.66037855620078
5.03751875937969,1.98433739307035
5.04252126063032,2.32542438937217
5.04752376188094,2.67887005238537
5.05252626313157,3.03814439736214
5.05752876438219,3.39518924675552
5.06253126563282,3.74074040716322
5.06753376688344,4.06472492207067
5.07253626813407,4.35671472653808
5.07753876938469,4.60641505200686
5.08254127063532,4.80416399300034
5.08754377188594,4.9414188500709
5.09254627313657,5.0112052473757
5.09754877438719,5.00850657414848
5.10255127563782,4.9305739460756
5.10755377688844,4.77714050112279
5.11255627813907,4.55052826351519
5.1175587793897,4.25564081923968
5.12256128064032,3.89984040767716
5.12756378189095,3.49271349046893
5.13256628314157,3.04573414914653
5.1375687843922,2.57183953359503
5.14257128564282,2.08493580003155
5.14757378689345,1.59935633684113
5.15257628814407,1.12929641710226
5.1575787893947,0.688249624395242
5.16258129064532,0.288471414048074
5.16758379189595,-0.059506007089456
5.17258629314657,-0.347285618232157
5.1775887943972,-0.568925825127187
5.18259129564782,-0.721154710614921
5.18759379689845,-0.803468895939371
5.19259629814907,-0.81811294622388
5.1975987993997,-0.769940772219449
5.20260130065032,-0.666165922842747
5.20760380190095,-0.516012770727158
5.21260630315158,-0.330285123747138
5.2176088044022,-0.120872534773422
5.22261130565283,0.0997826466362403
5.22761380690345,0.319232763209649
5.23261630815408,0.525561663438041
5.2376188094047,0.707886320392009
5.24262131065533,0.856800592927511
5.24762381190595,0.964741389735736
5.25262631315658,1.02626134418669
5.2576288144072,1.03819669230162
5.26263131565783,0.999724145205735
5.26763381690845,0.91230591447017
5.27263631815908,0.779527424843663
5.27763881940971,0.606837375058494
5.28264132066033,0.401204437280486
5.28764382191096,0.170708797381806
5.29264632316158,-0.075910255323425
5.29764882441221,-0.329727521727583
5.30265132566283,-0.582101884099598
5.30765382691346,-0.825119466552774
5.31265632816408,-1.05198785007566
5.31765882941471,-1.25736182023947
5.32266133066533,-1.43758466915633
5.32766383191596,-1.59083339260663
5.33266633316658,-1.71716100624634
5.33766883441721,-1.81843441201496
5.34267133566783,-1.89817152225312
5.34767383691846,-1.96128643634169
5.35267633816908,-2.01375611389309
5.35767883941971,-2.06222597201019
5.36268134067034,-2.11357495659542
5.36768384192096,-2.17446274570059
5.37268634317159,-2.25088273229529
5.37768884442221,-2.34774425478747
5.38269134567284,-2.46850620311286
5.38769384692346,-2.61488168966362
5.39269634817409,-2.78663005461731
5.39769884942471,-2.9814482390316
5.40270135067534,-3.19496871094109
5.40770385192596,-3.42086590418326
5.41270635317659,-3.65106778003499
5.41770885442721,-3.87606390765048
5.42271135567784,-4.08529663435786
5.42771385692846,-4.26761771634415
5.43271635817909,-4.41178940963574
5.43771885942971,-4.50700664638357
5.44272136068034,-4.54341566035619
5.44772386193097,-4.51260434281606
5.45272636318159,-4.40804071352236
5.45772886443222,-4.22543813228621
5.46273136568284,-3.9630291503167
5.46773386693347,-3.62173405370555
5.47273636818409,-3.2052149874865
5.47773886943472,-2.71981183835084
5.48274137068534,-2.17436154580408
5.48774387193597,-1.57990794378978
5.49274637318659,-0.949314348604751
5.49774887443722,-0.296795660284125
5.50275137568784,0.362609483742729
5.50775387693847,1.01360315219343
5.5127563781891,1.64120409262269
5.51775887943972,2.23130962400341
5.52276138069035,2.7712185008919
5.52776388194097,3.2500916324012
5.5327663831916,3.659330453789
5.53776888444222,3.99285660685474
5.54277138569285,4.24728120324436
5.54777388694347,4.42195710172798
5.5527763881941,4.51891308049677
5.55777888944472,4.54267426872235
5.56278139069535,4.49997845696069
5.56778389194597,4.39940268362836
5.5727863931966,4.2509185681621
5.57778889444722,4.06539803812174
5.58279139569785,3.8540932282728
5.58779389694847,3.62811531590384
5.5927963981991,3.39793685476419
5.59779889944972,3.17294079369981
5.60280140070035,2.9610368854402
5.60780390195098,2.76836272919084
5.6128064032016,2.59908241789354
5.61780890445223,2.45529088618799
5.62281140570285,2.33702681584925
5.62781390695348,2.24239160656714
5.6328164082041,2.16776672098109
5.63781890945473,2.10811691580147
5.64282141070535,2.05736270768583
5.64782391195598,2.00880209426664
5.6528264132066,1.95555921757071
5.65782891445723,1.89103643076391
5.66283141570785,1.80934616758262
5.66783391695848,1.70570011822957
5.6728364182091,1.57673543051462
5.67783891945973,1.42076087124944
5.68284142071036,1.23790994236646
5.68784392196098,1.0301926499465
5.69284642321161,0.801442742004872
5.69784892446223,0.557162512025281
5.70285142571286,0.304272451331364
5.70785392696348,0.0507778704282429
5.71285642821411,-0.194631139791569
5.71785892946473,-0.423026580519697
5.72286143071536,-0.625713934838324
5.72786393196598,-0.794704358075014
5.73286643321661,-0.923163711936548
5.73786893446723,-1.00581542092075
5.74287143571786,-1.03927619783087
5.74787393696848,-1.02230678940726
5.75287643821911,-0.955963885592884
5.75787893946974,-0.843644025944872
5.76288144072036,-0.691015499269621
5.76788394197099,-0.505839619499281
5.77288644322161,-0.297688112628625
5.77788894447224,-0.0775684078690764
5.78289144572286,0.142526853623306
5.78789394697349,0.35012601624269
5.79289644822411,0.532817415119822
5.79789894947474,0.678796546920511
5.80290145072536,0.777396186058184
5.80790395197599,0.819574844255767
5.81290645322661,0.798340759245541
5.81790895447724,0.709091473296261
5.82291145572786,0.549852889337878
5.82791395697849,0.321406291083798
5.83291645822911,0.0272969659897617
5.83791895947974,-0.326276468282244
5.84292146073037,-0.73068742137818
5.84792396198099,-1.1752114592469
5.85292646323162,-1.64744645584145
5.85792896448224,-2.13380387586507
5.86293146573287,-2.6200490439675
5.86793396698349,-3.0918660467514
5.87293646823412,-3.53542185282173
5.87793896948474,-3.93790437195278
5.88294147073537,-4.28801049907783
5.88794397198599,-4.576362637183
5.89294647323662,-4.79583564657959
5.89794897448724,-4.94178045976583
5.90295147573787,-5.01213552457022
5.90795397698849,-5.00742255694073
5.91295647823912,-4.93062854349425
5.91795897948975,-4.78698127136232
5.92296148074037,-4.58363062384714
5.927963981991,-4.32925222838417
5.93296648324162,-4.03359357164599
5.93796898449225,-3.70698523852643
5.94297148574287,-3.3598413682224
5.9479739869935,-3.00217368622916
5.95297648824412,-2.64314255689842
5.95797898949475,-2.29066645539776
5.96298149074537,-1.95110818312365
5.967983991996,-1.62905219913634
5.97298649324662,-1.32718280641915
5.97798899449725,-1.04626784288001
5.98299149574787,-0.785247231894796
5.9879939969985,-0.541420504374584
5.99299649824912,-0.310722469534086
5.99799899949975,-0.0880718251922485
6.00300150075038,0.132226125813517
6.008004002001,0.356044172280149
6.01300650325163,0.588988440094704
6.01800900450225,0.835967790952267
6.02301150575288,1.10080027685967
6.0280140070035,1.38587771452142
6.03301650825413,1.69190655822433
6.03801900950475,2.01773945772358
6.04302151075538,2.36030737349332
6.048024012006,2.71465710539416
6.05302651325663,3.07409381680895
6.05802901450725,3.43042286186997
6.06303151575788,3.77428020615693
6.0680340170085,4.09553621666041
6.07303651825913,4.38375380633216
6.07803901950976,4.62867903886472
6.08304152076038,4.82074047333721
6.08804402201101,4.95153284810844
6.09304652326163,5.01426120565564
6.09804902451226,5.00412322463292
6.10305152576288,4.9186102757608
6.10805402701351,4.75771142517165
6.11305652826413,4.52400909706076
6.11805902951476,4.22266016344802
6.12306153076538,3.8612616113335
6.12806403201601,3.44960538915677
6.13306653326663,2.99933229409231
6.13806903451726,2.52349957696775
6.14307153576788,2.03608108104124
6.14807403701851,1.55142199516755
6.15307653826913,1.08367253335577
6.15807903951976,0.646225943005367
6.16308154077039,0.251186139370839
6.16808404202101,-0.0911110326457214
6.17308654327164,-0.3725013360987
6.17808904452226,-0.587302350452923
6.18309154577289,-0.732516520833612
6.18809404702351,-0.807918166290445
6.19309654827414,-0.816020928292616
6.19809904952476,-0.76192766357057
6.20310155077539,-0.653070205818199
6.20810405202601,-0.49885148130894
6.21310655327664,-0.310206924170028
6.21810905452726,-0.0991057868040734
6.22311155577789,0.121984392368096
6.22811405702851,0.340645342899107
6.23311655827914,0.545042437930626
6.23811905952976,0.724421506814574
6.24312156078039,0.869545668090576
6.24812406203102,0.973052789207395
6.25312656328164,1.02971810964286
6.25812906453227,1.03661121041645
6.26313156578289,0.993141650206318
6.26813406703352,0.900992967997521
6.27313656828414,0.763950114829605
6.27813906953477,0.587630464542664
6.28314157078539,0.379133120964703
6.28814407203602,0.14662506782615
6.29314657328664,-0.101114385017631
6.29814907453727,-0.355167557692388
6.30315157578789,-0.606946755597289
6.30815407703852,-0.848633495824999
6.31315657828915,-1.07356670242149
6.31815907953977,-1.27656066271331
6.3231615807904,-1.4541371665377
6.32816408204102,-1.60466063600006
6.33316658329165,-1.72836997992931
6.33816908454227,-1.82730613295316
6.3431715857929,-1.90513950816406
6.34817408704352,-1.96690664678572
6.35317658829415,-2.01866994068578
6.35817908954477,-2.06711820913248
6.3631815907954,-2.11912893835281
6.36818409204602,-2.18131499242055
6.37318659329665,-2.25957947786077
6.37818909454727,-2.35870214790859
6.3831915957979,-2.48197927827132
6.38819409704852,-2.63093640348138
6.39319659829915,-2.80512979343029
6.39819909954977,-3.00204824250347
6.4032016008004,-3.21712184691189
6.40820410205103,-3.44383919629356
6.41320660330165,-3.67396905788432
6.41820910455228,-3.89787744517738
6.4232116058029,-4.10492619032043
6.42821410705353,-4.28393501329333
6.43321660830415,-4.42368580313242
6.43821910955478,-4.51344555847838
6.4432216108054,-4.54348328947237
6.44822411205603,-4.50555621951399
6.45322661330665,-4.39334184582354
6.45822911455728,-4.20279476729078
6.4632316158079,-3.93241055752693
6.46823411705853,-3.58338319190172
6.47323661830915,-3.15964742957172
6.47823911955978,-2.66780287293582
6.48324162081041,-2.11692192453871
6.48824412206103,-1.51824927334093
6.49324662331166,-0.884805610455062
6.49824912456228,-0.230912757076215
6.50325162581291,0.42833892962904
6.50825412706353,1.07765729936566
6.51325662831416,1.70212412431012
6.51825912956478,2.28775419027623
6.52326163081541,2.82201294663421
6.52826413206603,3.2942698428371
6.53326663331666,3.6961674954436
6.53826913456728,4.02189077282826
6.54327163581791,4.26832456701633
6.54827413706853,4.43509421973738
6.55327663831916,4.52448803490909
6.55827913956979,4.54126678183446
6.56328164082041,4.49237031191189
6.56828414207104,4.38653612859395
6.57328664332166,4.23384874205021
6.57828914457229,4.04524171798032
6.58329164582291,3.83197634990091
6.58829414707354,3.60512175266492
6.59329664832416,3.37506085409502
6.59829914957479,3.15104527080947
6.60330165082541,2.94081946920264
6.60830415207604,2.75033106127595
6.61330665332666,2.58353974205838
6.61830915457729,2.44233245301386
6.62331165582791,2.32654709396742
6.62831415707854,2.23410176051421
6.63331665832916,2.16122131400965
6.63831915957979,2.10274834753434
6.64332166083041,2.05252152311388
6.64832416208104,2.00380102024746
6.65332666333167,1.94971860915821
6.65832916458229,1.88372875065736
6.66333166583292,1.80003718043151
6.66833416708354,1.69398465445048
6.67333666833417,1.56236585308934
6.67833916958479,1.40366674996686
6.68334167083542,1.21820788493923
6.68834417208604,1.00818573658567
6.69334667333667,0.777609535037229
6.69834917458729,0.532136139292293
6.70335167583792,0.278810765606088
6.70835417708854,0.0257261422507633
6.71335667833917,-0.218383153975971
6.7183591795898,-0.444591058157819
6.72336168084042,-0.644252567570982
6.72836418209105,-0.809474688202244
6.73336668334167,-0.933561861595982
6.7383691845923,-1.01141300755887
6.74337168584292,-1.03984949541131
6.74837418709355,-1.01785655691234
6.75337668834417,-0.946724725465296
6.7583791895948,-0.83008263405714
6.76338169084542,-0.673817700840757
6.76838419209605,-0.485886626452243
6.77338669334667,-0.276022961106288
6.7783891945973,-0.055354014716879
6.78339169584792,0.164056162898356
6.78839419709855,0.369717328310296
6.79339669834917,0.549253993985067
6.7983991995998,0.690952027713241
6.80340170085043,0.784285689733687
6.80840420210105,0.820400632567806
6.81340670335168,0.792530289760085
6.8184092046023,0.6963260567202
6.82341170585293,0.53008557991479
6.82841420710355,0.294868134991728
6.83341670835418,-0.00550873086124382
6.8384192096048,-0.364591638377167
6.84342171085543,-0.773527741167304
6.84842421210605,-1.22140459518081
6.85342671335668,-1.69567833486324
6.8584292146073,-2.1826708961126
6.86343171585793,-2.66811387142621
6.86843421710855,-3.13771448458129
6.87343671835918,-3.57771822948349
6.8784392196098,-3.97544297385943
6.88344172086043,-4.31976076932259
6.88844422211106,-4.6015061644017
6.89344672336168,-4.81379336258304
6.89844922461231,-4.9522289322
6.90345172586293,-5.01501174904849
6.90845422711356,-5.00291719697007
6.91345672836418,-4.91916811001886
6.91845922961481,-4.76920025087358
6.92346173086543,-4.56033503007184
6.92846423211606,-4.30137644537357
6.93346673336668,-4.00215265703097
6.93846923461731,-3.67302505060743
6.94347173586793,-3.32438896041009
6.94847423711856,-2.96619037367221
6.95347673836919,-2.60748190520068
6.95847923961981,-2.25603917800473
6.96348174087044,-1.91805557535905
6.96848424212106,-1.59792930066708
6.97348674337169,-1.29815199154597
6.97848924462231,-1.01930301358781
6.98349174587294,-0.760148257678507
6.98849424712356,-0.517837041389865
6.99349674837419,-0.288185824532492
6.99849924962481,-0.0660331297513592
7.00350175087544,0.15435347860647
7.00850425212606,0.378840088019599
7.01350675337669,0.612982038803749
7.01850925462731,0.861596019429709
7.02351175587794,1.12837142491991
7.02851425712856,1.41554179905392
7.03351675837919,1.7236341978597
7.03851925962981,2.05131043858642
7.04352176088044,2.39530962361115
7.04852426213107,2.75049627534187
7.05352676338169,3.11001313245547
7.05852926463232,3.46553239761079
7.06353176588294,3.80759424905651
7.06853426713357,4.12601697691359
7.07353676838419,4.41035939776892
7.07853926963482,4.65041342127387
7.08354177088544,4.83670292774706
7.08854427213607,4.96096455306504
7.09354677338669,5.01658659752506
7.09854927463732,4.99898405286266
7.10355177588794,4.90589059424129
7.10855427713857,4.73755217776419
7.11355677838919,4.49681143920327
7.11855927963982,4.18907718946485
7.12356178089045,3.82217870344816
7.12856428214107,3.40610994308073
7.1335667833917,2.95267408160913
7.13856928464232,2.47504345386062
7.14357178589295,1.98725411748242
7.14857428714357,1.50365737750584
7.1535767883942,1.03835274795034
7.15857928964482,0.60462779645325
7.16358179089545,0.214430092903284
7.16858429214607,-0.122104930171829
7.1735867933967,-0.397048933232213
7.17858929464732,-0.604980707326089
7.18359179589795,-0.743177932866995
7.18859429714857,-0.811692299530362
7.1935967983992,-0.813305017894692
7.19859929964983,-0.753365277920312
7.20360180090045,-0.639519605164728
7.20860430215108,-0.481345076594058
7.2136068034017,-0.289903746378922
7.21860930465233,-0.0772391905232093
7.22361180590295,0.14416136015095
7.22861430715358,0.361914386022237
7.2336168084042,0.564271771619054
7.23861930965483,0.740612587004722
7.24362181090545,0.881872797836016
7.24862431215608,0.980893865528832
7.2536268134067,1.03267521007659
7.25862931465733,1.0345202141038
7.26363181590795,0.986070619661069
7.26863431715858,0.889229559033505
7.2736368184092,0.747978807435536
7.27863931965983,0.56810089148427
7.28364182091046,0.356821190352662
7.28864432216108,0.122388910741149
7.29364682341171,-0.12638137644718
7.29864932466233,-0.380584213662576
7.30365182591296,-0.631689739885986
7.30865432716358,-0.871978763092044
7.31365682841421,-1.09492474288274
7.31865932966483,-1.29550379902616
7.32366183091546,-1.47041757558428
7.32866433216608,-1.61821824039507
7.33366683341671,-1.73932986733855
7.33866933466733,-1.83596569054723
7.34367183591796,-1.9119459788388
7.34867433716858,-1.97242629773781
7.35367683841921,-2.02355045985427
7.35867933966984,-2.07204629007575
7.36368184092046,-2.12478526239522
7.36868434217109,-2.18832895613302
7.37368684342171,-2.26848603719832
7.37868934467234,-2.36990305630785
7.38369184592296,-2.49571078911541
7.38869434717359,-2.64724519744637
7.39369684842421,-2.82385849325124
7.39869934967484,-3.02283141082922
7.40370185092546,-3.23939284973675
7.40870435217609,-3.46684777981418
7.41370685342671,-3.69680895646573
7.41870935467734,-3.91952283819737
7.42371185592796,-4.12427538033953
7.42871435717859,-4.29985932903255
7.43371685842921,-4.43508145623437
7.43871935967984,-4.51928601657139
7.44372186093047,-4.54286967803835
7.44872436218109,-4.49776333429111
7.45372686343172,-4.37785754300543
7.45872936468234,-4.17935079208375
7.46373186593297,-3.90100325895131
7.46873436718359,-3.54428303479975
7.47373686843422,-3.11339673166171
7.47873936968484,-2.61520174087871
7.48374187093547,-2.05900291235505
7.48874437218609,-1.45624181296111
7.49374687343672,-0.820091742582879
7.49874937468734,-0.164976098063664
7.50375187593797,0.493968732021591
7.50875437718859,1.14146215677198
7.51375687843922,1.7626545844999
7.51875937968985,2.34368346334737
7.52376188094047,2.87218548734728
7.5287643821911,3.33774235117325
7.53376688344172,3.73224055285362
7.53876938469235,4.05012977006353
7.54377188594297,4.28856907993725
7.5487743871936,4.44745552821431
7.55377688844422,4.52933503116442
7.55877938969485,4.53920105206581
7.56378189094547,4.4841916732221
7.5687843921961,4.37320033847603
7.57378689344672,4.21641944934931
7.57878939469735,4.02483897581433
7.58379189594797,3.80972415075148
7.5887943971986,3.58209706740981
7.59379689844922,3.35224655950597
7.59879939969985,3.12928913905169
7.60380190095048,2.92080107868251
7.6088044022011,2.73253808627531
7.61380690345173,2.56825460865497
7.61880940470235,2.42962983374236
7.62381190595298,2.31630217859272
7.6288144072036,2.2260087111519
7.63381690845423,2.15482081529041
7.63881940970485,2.09746272065762
7.64382191095548,2.04769550780668
7.6488244122061,1.99874605843414
7.65382691345673,1.94375830150867
7.65882941470735,1.87624310986828
7.66383191595798,1.79050337521527
7.6688344172086,1.68201212219149
7.67383691845923,1.54772394785682
7.67883941970985,1.38630347184913
7.68384192096048,1.19825868788209
7.68884442221111,0.985971912983499
7.69384692346173,0.753626201707995
7.69884942471236,0.507030375410442
7.70385192596298,0.25335095291237
7.70885442721361,0.000764006909186543
7.71385692846423,-0.241955922189796
7.71885942971486,-0.46588944862225
7.72386193096548,-0.662445813183888
7.72886443221611,-0.823832345776835
7.73386693346673,-0.943496055390285
7.73886943471736,-1.01651465137543
7.74387193596798,-1.03991658484138
7.74887443721861,-1.0129129941584
7.75387693846924,-0.93702858705514
7.75887943971986,-0.816123295210139
7.76388194097049,-0.65630176507283
7.76888444222111,-0.465713149466574
7.77388694347174,-0.254248978041612
7.77888944472236,-0.0331518542776761
7.78389194597299,0.185447888005835
7.78889444722361,0.38904684760283
7.79389694847424,0.565311201241264
7.79889944972486,0.7026224785285
7.80390195097549,0.790601274269271
7.80890445222611,0.820584561942009
7.81390695347674,0.786034285733759
7.81890945472736,0.682857986236798
7.82391195597799,0.509626212072499
7.82891445722861,0.267676197534846
7.83391695847924,-0.038903479131116
7.83891945972986,-0.403407049354518
7.84392196098049,-0.816758822023658
7.84892446223112,-1.26786264083909
7.85392696348174,-1.74403789157788
7.85892946473237,-2.23152244023439
7.86393196598299,-2.71601982803374
7.86893446723362,-3.18326606323699
7.87393696848424,-3.61959052581078
7.87893946973487,-4.01244587713756
7.88394197098549,-4.35088342329928
7.88894447223612,-4.62595304098208
7.89394697348674,-4.83101041085042
7.89894947473737,-4.96191873896572
7.90395197598799,-5.01713716903182
7.90895447723862,-4.99769345573062
7.91395697848924,-4.90704392478608
7.91895947973987,-4.75082902751573
7.9239619809905,-4.53653765413257
7.92896448224112,-4.273097569498
7.93396698349175,-3.9704126779993
7.93896948474237,-3.63887015290927
7.943971985993,-3.28884167134897
7.94897448724362,-2.93020302448715
7.95397698849425,-2.57189522647527
7.95897948974487,-2.2215479841147
7.9639819909955,-1.88518312548066
7.96898449224612,-1.5670114810374
7.97398699349675,-1.2693319669524
7.97898949474737,-0.992536469791554
7.983991995998,-0.735218826342002
7.98899449724862,-0.494380990955628
7.99399699849925,-0.265724639146736
7.99899949974988,-0.0440122062218373
8.0040020010005,0.176522089600858
8.00900450225113,0.401733170903287
8.01400700350175,0.637121294474059
8.01900950475238,0.887407071851751
8.024012006003,1.15614794068238
8.02901450725363,1.44541665385726
8.03401700850425,1.75555927383607
8.03901950975488,2.08504620699821
8.0440220110055,2.43042517975863
8.04902451225613,2.78637997018977
8.05402701350675,3.14589341402749
8.05902951475738,3.50050796055786
8.064032016008,3.84067211812479
8.06903451725863,4.15615674249745
8.07403701850926,4.43652149936015
8.07903951975988,4.67160915336301
8.08404202101051,4.85204373366215
8.08904452226113,4.96970818101419
8.09404702351176,5.0181778197122
8.09904952476238,4.9930878872486
8.10405202601301,4.89241630817878
8.10905452726363,4.71666677730363
8.11405702851426,4.46894183718134
8.11905952976488,4.15490077622812
8.12406203101551,3.78260259086801
8.12906453226613,3.36223968920431
8.13406703351676,2.90577320413198
8.13906953476738,2.42648548153401
8.14407203601801,1.93846928837442
8.14907453726863,1.45607635435187
8.15407703851926,0.993349871003549
8.15907953976988,0.563466425925891
8.16408204102051,0.178212504584728
8.16908454227113,-0.152480837145299
8.17408704352176,-0.420924168598357
8.17908954477239,-0.621959416934005
8.18409204602301,-0.753140251517312
8.18909454727364,-0.814795285644034
8.19409704852426,-0.809971676984527
8.19909954977489,-0.744262231528882
8.20410205102551,-0.625524484450417
8.20910455227614,-0.463505190305773
8.21410705352676,-0.269387969269257
8.21910955477739,-0.0552853215922804
8.22411205602801,0.166301324061171
8.22911455727864,0.383028535948265
8.23411705852926,0.583239646195489
8.23911955977989,0.756451278483037
8.24412206103052,0.893775744061145
8.24912456228114,0.98826063150778
8.25412706353177,1.03513100564395
8.25912956478239,1.03192439446334
8.26413206603302,0.978513949053844
8.26913456728364,0.877020558694557
8.27413706853427,0.731620031287649
8.27913956978489,0.548256451558105
8.28414207103552,0.334277265762761
8.28914457228614,0.0980092994866735
8.29414707353677,-0.151702380032499
8.29914957478739,-0.405969221845943
8.30415207603802,-0.6563235672436
8.30915457728865,-0.895149350589326
8.31415707853927,-1.11605767972353
8.3191595797899,-1.3141887443985
8.32416208104052,-1.48642529767195
8.32916458229115,-1.63150746736057
8.33416708354177,-1.75004366099351
8.3391695847924,-1.84441758284084
8.34417208604302,-1.9185966281891
8.34917458729365,-1.97785190131416
8.35417708854427,-2.0284045757336
8.3591795897949,-2.0770170592653
8.36418209104552,-2.13055025854373
8.36918459229615,-2.19551001860512
8.37418709354677,-2.27760645468236
8.3791895947974,-2.38134936252984
8.38419209604802,-2.50970121450124
8.38919459729865,-2.66380650113003
8.39419709854927,-2.84281249402759
8.3991995997999,-3.04379206309248
8.40420210105053,-3.26177419397047
8.40920460230115,-3.48988256183185
8.41420710355178,-3.71957718131778
8.4192096048024,-3.94098902913991
8.42421210605303,-4.14333287465113
8.42921460730365,-4.31537958219533
8.43421710855428,-4.44596606176903
8.4392196098049,-4.52451899371021
8.44422211105553,-4.54156754130009
8.44922461230615,-4.48922054010413
8.45422711355678,-4.36158510531001
8.4592296148074,-4.1551061622446
8.46423211605803,-3.86880996110236
8.46923461730865,-3.50443901723724
8.47423711855928,-3.06647091584586
8.4792396198099,-2.56201879723358
8.48424212106053,-2.00061684030857
8.48924462231116,-1.39389942540902
8.49424712356178,-0.755187627248088
8.49924962481241,-0.0990010275197694
8.50425212606303,0.559483662667988
8.50925462731366,1.20500318505412
8.51425712856428,1.82278216497634
8.51925962981491,2.39908585374185
8.52426213106553,2.92172666378263
8.52926463231616,3.38050214586534
8.53426713356678,3.76754527215777
8.53926963481741,4.07757199639332
8.54427213606803,4.30801586651803
8.54927463731866,4.45904473678048
8.55427713856929,4.5334601137466
8.55927963981991,4.53648511270592
8.56428214107054,4.47545213836328
8.56928464232116,4.35940599251201
8.57428714357179,4.19864193414846
8.57928964482241,4.00420109385508
8.58429214607304,3.78734743960852
8.58929464732366,3.55905112294547
8.59429714857429,3.32950247617837
8.59929964982491,3.10767921388078
8.60430215107554,2.90098660168373
8.60930465232616,2.71498663050962
8.61430715357679,2.55322775751974
8.61930965482741,2.41718176492506
8.62431215607804,2.30628898844812
8.62931465732866,2.21810783614771
8.63431715857929,2.14855941415077
8.63931965982992,2.09225344577677
8.64432216108054,2.04287773841915
8.64932466233117,1.9936304080693
8.65432716358179,1.93767206090053
8.65932966483242,1.86857425091314
8.66433216608304,1.78074082333739
8.66933466733367,1.66978019943067
8.67433716858429,1.53280918749601
8.67933966983492,1.36867239277105
8.68434217108554,1.17806557409144
8.68934467233617,0.963556148460559
8.69434717358679,0.729499238268936
8.69934967483742,0.481852935720134
8.70435217608804,0.227901566539876
8.70935467733867,-0.0240995799595958
8.71435717858929,-0.265340554820255
8.71935967983992,-0.486913405965363
8.72436218109054,-0.680286332152572
8.72936468234117,-0.837771421947034
8.7343671835918,-0.952962178946334
8.73936968484242,-1.02111831667528
8.74437218609305,-1.03947769825739
8.74937468734367,-1.00747868427737
8.7543771885943,-0.926880375776726
8.75937968984492,-0.801773095990895
8.76438219109555,-0.638476711126825
8.76938469234617,-0.445329794318461
8.7743871935968,-0.232377927398453
8.77938969484742,-0.0109743567753777
8.78439219609805,0.206689465734146
8.78939469734867,0.408102428233572
8.7943971985993,0.580977850378296
8.79939969984993,0.713798180920759
8.80440220110055,0.79633514090025
8.80940470235118,0.820121126651191
8.8144072036018,0.778849811920445
8.81940970485243,0.668687065334097
8.82441220610305,0.488477378833585
8.82941470735368,0.239835791770423
8.8344172086043,-0.0728794328192008
8.83941970985493,-0.442712618807488
8.84442221110555,-0.860368737917511
8.84942471235618,-1.31457229796195
8.8544272136068,-1.7925109842544
8.85942971485743,-2.28034408530959
8.86443221610805,-2.76375278015514
8.86943471735868,-3.22850749142685
8.87443721860931,-3.6610268038019
8.87943971985993,-4.04890294329379
8.88444222111056,-4.38137048403641
8.88944472236118,-4.64969771384761
8.89444722361181,-4.84748381425535
8.89944972486243,-4.97084951518557
8.90445222611306,-5.0185139524682
8.90945472736368,-4.9917558443251
8.91445722861431,-4.89426255276231
8.91945972986493,-4.73187584644968
8.92446223111556,-4.51224798243771
8.92946473236618,-4.24442584620977
8.93446723361681,-3.93838413745266
8.93946973486743,-3.60453080934599
8.94447223611806,-3.25320905872628
8.94947473736868,-2.8942200744655
8.95447723861931,-2.53638949014474
8.95947973986993,-2.18719811944063
8.96448224112056,-1.8524941967768
8.96948474237118,-1.53630016752506
8.97448724362181,-1.24072227666913
8.97948974487244,-0.965966027285247
8.98449224612306,-0.710455273496167
8.98949474737369,-0.471047535758914
8.99449724862431,-0.243333331831819
8.99949974987494,-0.0220031381277013
9.00450225112556,0.198737763131539
9.00950475237619,0.424728672001724
9.01450725362681,0.661410493160521
9.01950975487744,0.913403908847234
9.02451225612806,1.18413116969904
9.02951475737869,1.47550180642093
9.03451725862931,1.78767939085342
9.03951975987994,2.11894244509783
9.04452226113057,2.46564790815163
9.04952476238119,2.82230044939266
9.05452726363182,3.18172561685558
9.05952976488244,3.53533958423159
9.06453226613307,3.87350336917468
9.06953476738369,4.18594507628282
9.07453726863432,4.46223018311507
9.07953976988494,4.69225731123235
9.08454227113557,4.86675543474336
9.08954477238619,4.9777581520797
9.09454727363682,5.01903150245027
9.09954977488744,4.98643380924631
9.10455227613807,4.87818908581452
9.1095547773887,4.69505950072739
9.11455727863932,4.44040708211138
9.11955977988995,4.12014002080334
9.12456228114057,3.74254436276813
9.1295647823912,3.31800730249514
9.13456728364182,2.85864344118433
9.13956978489245,2.37784000908208
9.14457228614307,1.88974094744318
9.1495747873937,1.40869271447288
9.15457728864432,0.948676577703434
9.15957978989495,0.522752890112439
9.16458229114557,0.142542382066512
9.1695847923962,-0.182232143557901
9.17458729364682,-0.444123072991943
9.17958979489745,-0.638237279854206
9.18459229614807,-0.762405056485992
9.1895947973987,-0.817231373229078
9.19459729864932,-0.806027598849212
9.19959979989995,-0.734627335022014
9.20460230115057,-0.611095356703611
9.2096048024012,-0.445343554891459
9.21460730365183,-0.248672016259587
9.21960980490245,-0.0332567450401051
9.22461230615308,0.188392122379943
9.2296148074037,0.40397654979839
9.23461730865433,0.601936200391493
9.23961980990495,0.77192949091958
9.24462231115558,0.90524848623074
9.2496248124062,0.995149332205394
9.25462731365683,1.03708409219004
9.25962981490745,1.02882467049379
9.26463231615808,0.970474743315778
9.2696348174087,0.864371019503253
9.27463731865933,0.714880460314093
9.27963981990995,0.528105043477613
9.28464232116058,0.311510024315915
9.28964482241121,0.0734952163774194
9.29464732366183,-0.177068584276809
9.29964982491246,-0.431314396401381
9.30465232616308,-0.680841088411456
9.30965482741371,-0.918139492269053
9.31465732866433,-1.13696139538951
9.31965982991496,-1.33261320082812
9.32466233116558,-1.50215992310072
9.32966483241621,-1.64452975903582
9.33466733366683,-1.76051451560898
9.33966983491746,-1.85266644266096
9.34467233616808,-1.92509724990337
9.34967483741871,-1.98319002863376
9.35467733866934,-2.03323920724335
9.35967983991996,-2.08203732996216
9.36468234117059,-2.13643018076571
9.36968484242121,-2.20286344446838
9.37468734367184,-2.28694462186843
9.37968984492246,-2.39304326813817
9.38469234617309,-2.5239508332258
9.38969484742371,-2.68061853516924
9.39469734867434,-2.86198792872146
9.39969984992496,-3.06492432425606
9.40470235117559,-3.28425818337804
9.40970485242621,-3.51293431147394
9.41470735367684,-3.74226334090465
9.41970985492746,-3.96226491044844
9.42471235617809,-4.16208734462296
9.42971485742871,-4.33048474530476
9.43471735867934,-4.45632941835537
9.43971985992996,-4.52913561730249
9.44472236118059,-4.53956979175346
9.44972486243122,-4.47992292227465
9.45472736368184,-4.34452209093672
9.45972986493247,-4.13006110606741
9.46473236618309,-3.83583364631315
9.46973486743372,-3.46385684105266
9.47473736868434,-3.01887825074697
9.47973986993497,-2.50826461229386
9.48474237118559,-1.94177621390289
9.48974487243622,-1.33123609937529
9.49474737368684,-0.690108218537015
9.49974987493747,-0.0330029042442398
9.50475237618809,0.624868536734655
9.50975487743872,1.26826594428649
9.51475737868934,1.88249370855369
9.51975987993997,2.45394996791469
9.52476238119059,2.97062724885906
9.52976488244122,3.4225424735529
9.53476738369185,3.80207757239207
9.53976988494247,4.10421612540458
9.5447723861931,4.32666631802355
9.54977488744372,4.46986580150223
9.55477738869435,4.53686954303726
9.55977988994497,4.53312717369696
9.5647823911956,4.46616143545098
9.56978489244622,4.3451638500433
9.57478739369685,4.18052746799748
9.57978989494747,3.98333932954858
9.5847923961981,3.76485695107962
9.58979489744872,3.53599366366229
9.59479739869935,3.30683695381146
9.59979989994998,3.08622212703621
9.6048024012006,2.88138072410816
9.60980490245123,2.69767931096819
9.61480740370185,2.53845972266575
9.61980990495248,2.40498679137711
9.6248124062031,2.29650427430915
9.62981490745373,2.21039437736422
9.63481740870435,2.14243120285535
9.63981990995498,2.08711387970704
9.6448224112056,2.03806128333353
9.64982491245623,1.98844730550362
9.65482741370685,1.93145373359608
9.65982991495748,1.86071703443159
9.6648324162081,1.77074574574
9.66983491745873,1.6572867367314
9.67483741870935,1.51762123072786
9.67983991995998,1.35077505778005
9.68484242121061,1.15763194822519
9.68984492246123,0.940943576463833
9.69484742371186,0.705235278074886
9.69984992496248,0.456611637564991
9.70485242621311,0.202471220333662
9.70985492746373,-0.0488556479032638
9.71485742871436,-0.288528195183231
9.71985992996498,-0.507654664511886
9.72486243121561,-0.697766909761651
9.72986493246623,-0.851286172111808
9.73486743371686,-0.961956314430788
9.73986993496748,-1.0252221877135
9.74487243621811,-1.03853330096995
9.74987493746873,-1.00155644578996
9.75487743871936,-0.916285223341278
9.75987993996998,-0.78703932913307
9.76488244122061,-0.620351733885603
9.76988494247123,-0.424747303090386
9.77488744372186,-0.210421662768202
9.77988994497249,0.0111660097933093
9.78489244622311,0.227768349776725
9.78989494747374,0.42687199621779
9.79489744872436,0.596242879563947
9.79989994997499,0.724469589225165
9.80490245122561,0.80147970482198
9.80990495247624,0.819005067244619
9.81490745372686,0.770974201266709
9.81990995497749,0.653813376148352
9.82491245622811,0.466641950331217
9.82991495747874,0.211352494356063
9.83491745872936,-0.107428507232696
9.83991995997999,-0.482498060843039
9.84492246123062,-0.904345403260253
9.84992496248124,-1.36152015940113
9.85492746373187,-1.84108341740405
9.85992996498249,-2.32912141176241
9.86493246623312,-2.8112986540083
9.86993496748374,-3.27342559109511
9.87493746873437,-3.70201528657426
9.87993996998499,-4.08480423523412
9.88494247123562,-4.41121420689836
9.88994497248624,-4.6727348825596
9.89494747373687,-4.86321085719071
9.89994997498749,-4.97902115471837
9.90495247623812,-5.01914451189948
9.90995497748874,-4.98510909378636
9.91495747873937,-4.88083074498663
9.91995997999,-4.71234909760773
9.92496248124062,-4.48747559951008
9.92996498249125,-4.21537156938521
9.93496748374187,-3.90607753643655
9.9399699849925,-3.5700172335517
9.94497248624312,-3.21750058571343
9.94997498749375,-2.85824982693712
9.95497748874437,-2.50097150328787
9.959979989995,-2.15299464689442
9.96498249124562,-1.81999195958325
9.96998499249625,-1.50579659497197
9.97498749374687,-1.21232228330423
9.9799899949975,-0.93958934125312
9.98499249624812,-0.685853803568513
9.98999499749875,-0.447831763731053
9.99499749874937,-0.22100626775414
10,-2.93420047286094E-15
